排序,名称,成就ID,成就描述,成就步数,奖杯需求,指标
1,毁灭节拍,score_100000000,收集型成就：消耗奖杯解锁,100000000,50,counter:score
2,卡海漫游,draw_100000000,收集型成就：消耗奖杯解锁,100000000,50,counter:draw
3,连锁反应,play_100000000,收集型成就：消耗奖杯解锁,100000000,50,counter:play
4,无穷供能,mana_100000000,收集型成就：消耗奖杯解锁,100000000,50,counter:mana
5,不灭意志,heal_100000000,收集型成就：消耗奖杯解锁,100000000,50,counter:heal
6,抽抽爆,draw_draw,收集型成就：消耗奖杯解锁,1,50,flag
7,过热,overheat,收集型成就：消耗奖杯解锁,1,50,flag
8,双面间谍,double_agent,收集型成就：消耗奖杯解锁,1,50,flag
9,初战告捷,clear_easy,收集型成就：消耗奖杯解锁,1,50,flag
10,逆境破局,clear_hard,收集型成就：消耗奖杯解锁,1,50,flag
11,地狱征服者,clear_hell,收集型成就：消耗奖杯解锁,1,50,flag
12,dddd,test,收集型成就：消耗奖杯解锁,3,50,flag
13,小试牛刀,score_10,收集型成就：消耗奖杯解锁,10,1,counter:score
14,越打越顺,score_100,收集型成就：消耗奖杯解锁,100,3,counter:score
15,火力全开,score_1000,收集型成就：消耗奖杯解锁,1000,5,counter:score
16,刀刀见血,score_10000,收集型成就：消耗奖杯解锁,10000,7,counter:score
17,战意沸腾,score_100000,收集型成就：消耗奖杯解锁,100000,10,counter:score
18,人形轰炸机,score_1000000,收集型成就：消耗奖杯解锁,1000000,15,counter:score
19,势不可挡,score_10000000,收集型成就：消耗奖杯解锁,10000000,25,counter:score
20,摸牌起手,draw_10,收集型成就：消耗奖杯解锁,10,1,counter:draw
21,牌感在线,draw_100,收集型成就：消耗奖杯解锁,100,3,counter:draw
22,连抽不断,draw_1000,收集型成就：消耗奖杯解锁,1000,5,counter:draw
23,手速飞快,draw_10000,收集型成就：消耗奖杯解锁,10000,7,counter:draw
24,牌库老友,draw_100000,收集型成就：消耗奖杯解锁,100000,10,counter:draw
25,抽牌成瘾,draw_1000000,收集型成就：消耗奖杯解锁,1000000,15,counter:draw
26,过牌机器,draw_10000000,收集型成就：消耗奖杯解锁,10000000,25,counter:draw
27,初次落子,play_10,收集型成就：消耗奖杯解锁,10,1,counter:play
28,连招入门,play_100,收集型成就：消耗奖杯解锁,100,3,counter:play
29,出牌流畅,play_1000,收集型成就：消耗奖杯解锁,1000,5,counter:play
30,节奏拉满,play_10000,收集型成就：消耗奖杯解锁,10000,7,counter:play
31,回合艺术家,play_100000,收集型成就：消耗奖杯解锁,100000,10,counter:play
32,操作怪,play_1000000,收集型成就：消耗奖杯解锁,1000000,15,counter:play
33,手牌指挥官,play_10000000,收集型成就：消耗奖杯解锁,10000000,25,counter:play
34,蓝量起步,mana_10,收集型成就：消耗奖杯解锁,10,1,counter:mana
35,法力汹涌,mana_100,收集型成就：消耗奖杯解锁,100,3,counter:mana
36,源能奔流,mana_1000,收集型成就：消耗奖杯解锁,1000,5,counter:mana
37,魔潮涌动,mana_10000,收集型成就：消耗奖杯解锁,10000,7,counter:mana
38,能量暴涨,mana_100000,收集型成就：消耗奖杯解锁,100000,10,counter:mana
39,法力熔炉,mana_1000000,收集型成就：消耗奖杯解锁,1000000,15,counter:mana
40,奥术引擎,mana_10000000,收集型成就：消耗奖杯解锁,10000000,25,counter:mana
41,止血成功,heal_10,收集型成就：消耗奖杯解锁,10,1,counter:heal
42,小有起色,heal_100,收集型成就：消耗奖杯解锁,100,3,counter:heal
43,稳住阵脚,heal_1000,收集型成就：消耗奖杯解锁,1000,5,counter:heal
44,起死回生,heal_10000,收集型成就：消耗奖杯解锁,10000,7,counter:heal
45,再战三百回,heal_100000,收集型成就：消耗奖杯解锁,100000,10,counter:heal
46,续航怪物,heal_1000000,收集型成就：消耗奖杯解锁,1000000,15,counter:heal
47,血条重铸,heal_10000000,收集型成就：消耗奖杯解锁,10000000,25,counter:heal
48,受着,self_hurt,收集型成就：消耗奖杯解锁,1,50,flag
