id,名称,系列,费用,数值1,数值2,数值3,描述,效果,趣闻
101,普攻,初始,1,4,,,造成[数值1]点伤害,dmg:v1,
102,治疗,初始,1,4,,,恢复[数值1]点生命,heal:v1,
103,抽牌,初始,0,1,,,抽取[数值1]张牌,draw:v1,
104,入魔,初始,1,1,,2,回合结束时额外获得[数值1]点魔力，持续[数值3]回合,hook:EndTurn|mana:v1|v3,
105,强击,初始,1,6,,,造成[数值1]点伤害,dmg:v1,
106,防御,初始,1,4,,,获得[数值1]点护盾,shield:v1,
107,调息,初始,1,2,1,,恢复[数值1]点生命并获得[数值2]点魔力,heal:v1;mana:v2,
108,回旋斩,初始,1,3,1,,造成[数值1]点伤害并抽取[数值2]张牌,dmg:v1;draw:v2,
109,预备,初始,1,1,2,,抽取[数值1]张牌并获得[数值2]点护盾,draw:v1;shield:v2,
110,破釜,初始,1,7,2,,造成[数值1]点伤害并对自身造成[数值2]点伤害,selfdmg:v2;dmg:v1,
111,专注,初始,1,2,,,本回合伤害提高[数值1],dmgup:v1:1,
112,应急粮,初始,1,2,1,,恢复[数值1]点生命并抽取[数值2]张牌,heal:v1;draw:v2,
113,轻击,初始,0,2,,,造成[数值1]点伤害,dmg:v1,
114,包扎,初始,0,2,,,恢复[数值1]点生命,heal:v1,
115,防备,初始,1,3,1,,获得[数值1]点护盾并抽取[数值2]张牌,shield:v1;draw:v2,
116,整顿,初始,1,1,1,,抽取[数值1]张牌并获得[数值2]点魔力,draw:v1;mana:v2,
117,挥砍,初始,1,3,1,,造成[数值1]点伤害并获得[数值2]点护盾,dmg:v1;shield:v2,
118,休整,初始,1,2,1,,恢复[数值1]点生命并获得[数值2]点魔力,heal:v1;mana:v2,
119,演练,初始,1,1,1,,抽取[数值1]张牌；本回合伤害提高[数值2],draw:v1;dmgup:v2:1,
120,刺击,初始,1,3,1,,造成[数值1]点伤害；若这是你本回合打出的第一张牌，再追加[数值2]点伤害,dmg:v1;if:firstcard|dmg:v2,
201,罪罚,七罪,1,1,,,获得[数值1]张免费的“七罪”牌,addrandom:sin:v1:free,
202,暴怒,七罪,1,7,3,,造成[数值1]点伤害，同时对自身造成[数值2]点伤害,selfdmg:v2;dmg:v1,
203,傲慢,七罪,1,1,,,免疫[数值1]次以自身为目标的效果,immunity:v1,
204,嫉妒,七罪,1,,,,失去所有魔力，获得等同于敌方魔力的魔力,manaswap:enemy,
205,贪婪,七罪,0,3,,,双方立即抽取[数值1]张牌,draw:v1;edraw:v1,
206,懒惰,七罪,1,2,,,获得[数值1]点魔力并结束回合,mana:v1;endturn,
207,色欲,七罪,1,1,,,随机打出一张手牌，其效果额外触发[数值1]次,randomplay:v1,
208,暴食,七罪,1,2,2,,消耗所有手牌，每张恢复[数值2]点生命,discardall:heal:v2,
209,狂喜,七罪,0,2,1,,失去[数值2]点生命，获得[数值1]点魔力,selfdmg:v2;mana:v1,
210,亵渎,七罪,1,1,,,双方失去所有魔力，然后抽取[数值1]张牌,manaloseall;manalosealle;draw:v1,
211,压榨,七罪,1,2,1,,敌方失去[数值1]点魔力，你获得[数值2]点魔力,emanalse:v1;mana:v2,
212,赌命,七罪,0,2,2,,失去[数值2]点生命，抽取[数值1]张牌,selfdmg:v2;draw:v1,
213,放纵,七罪,1,3,1,,造成[数值1]点伤害并获得[数值2]点魔力,dmg:v1;mana:v2,
214,枷锁,七罪,1,2,1,,双方抽牌，然后造成[数值2]点伤害,draw:1;edraw:1;dmg:v2,
215,奢靡,七罪,2,2,,,获得[数值1]张随机七罪牌,addrandom:sin:v1,
216,妄念,七罪,1,1,1,,下一张牌额外触发[数值1]次，并对自身造成[数值2]点伤害,nextxtra:v1;selfdmg:v2,
217,虚荣,七罪,1,1,2,,免疫[数值1]次以自身为目标的效果，并获得[数值2]点护盾,immunity:v1;shield:v2,
218,掠夺,七罪,1,1,1,,敌方失去[数值1]点魔力，你获得[数值2]点魔力,emanalse:v1;mana:v2,
219,狂噬,七罪,1,4,1,,随机弃掉1张其他手牌，恢复[数值1]点生命；若弃掉的是“七罪”牌，再获得[数值2]点魔力,discardrand:v1:v2,
220,怒火中烧,七罪,1,4,2,,造成[数值1]点伤害；若你本回合受过伤，则改为造成[数值1]+[数值2]点伤害,dmg:v1;if:tookdamage|dmgadd:v2,
221,诱导,七罪,1,1,,,随机选择1张其他手牌，本回合其效果额外触发[数值1]次；若没有其他手牌，则抽1张牌,randombuff:v1;if:nohand|draw:1,
222,妒火,七罪,1,2,2,,若敌方当前魔力高于你，则造成[数值1]+[数值2]点伤害，否则造成[数值1]点伤害,dmg:v1;if:enemymanahigher|dmgadd:v2,
223,贪杯,七罪,0,2,,,恢复[数值1]点生命，然后敌我双方各抽1张牌,heal:v1;draw:1;edraw:1,
224,怠惰,七罪,1,1,1,,结束回合；下回合开始时额外抽[数值1]张牌并获得[数值2]点魔力,endturn;hook:StartTurn|draw:v1+mana:v2|1,
301,吸血,血族,1,3,2,,造成[数值1]点伤害，恢复[数值2]点生命,dmg:v1;heal:v2,
302,献祭,血族,0,2,2,,失去[数值1]点生命，获得[数值2]点能量,selfdmg:v1;mana:v2,
303,血契,血族,2,1,,3,恢复生命时造成[数值1]点伤害，持续[数值3]回合,hook:Heal|dmg:v1|v3,
304,鲜血,血族,2,1,,3,造成伤害时恢复[数值1]点生命，持续[数值3]回合,hook:DealDamage|heal:v1|v3,
305,止血,血族,1,2,2,,恢复[数值1]点生命并获得[数值2]点护盾,heal:v1;shield:v2,
306,血怒,血族,1,2,1,,失去[数值2]点生命，本回合伤害提高[数值1],selfdmg:v2;dmgup:v1:1,
307,猩红雨,血族,2,4,2,,造成[数值1]点伤害并恢复[数值2]点生命,dmg:v1;heal:v2,
308,血泉,血族,1,1,,2,受到伤害时恢复[数值1]点生命，持续[数值3]回合,hook:Hurt|heal:v1|v3,
309,血瓶,血族,0,2,,,恢复[数值1]点生命,heal:v1,
310,血涌,血族,1,5,1,,造成[数值1]点伤害并对自身造成[数值2]点伤害,dmg:v1;selfdmg:v2,
311,血债,血族,1,1,,2,造成伤害时获得[数值1]点魔力，持续[数值3]回合,hook:DealDamage|mana:v1|v3,
312,血肉铠,血族,1,5,1,,失去[数值2]点生命并获得[数值1]点护盾,selfdmg:v2;shield:v1,
313,血疗,血族,1,1,4,,失去[数值1]点生命，恢复[数值2]点生命,selfdmg:v1;heal:v2,
314,裂伤,血族,1,3,2,,造成[数值1]点伤害；若你当前生命不高于一半，则追加[数值2]点伤害,dmg:v1;if:halfhp|dmgadd:v2,
315,血税,血族,0,2,2,,失去[数值1]点生命，抽取[数值2]张牌,selfdmg:v1;draw:v2,
316,凝血,血族,1,2,3,,恢复[数值1]点生命并获得[数值2]点护盾,heal:v1;shield:v2,
317,血咒,血族,2,1,,2,失去生命时获得[数值1]点魔力，持续[数值3]回合,hook:Hurt|mana:v1|v3,
318,血宴,血族,2,2,2,,失去[数值1]点生命，抽取[数值2]张牌并恢复2点生命,selfdmg:v1;draw:v2;heal:2,
319,血刺,血族,1,4,1,,造成[数值1]点伤害；若你失去过生命，则恢复[数值2]点生命,dmg:v1;if:tookdamage|heal:v2,
320,血偿,血族,1,1,2,,恢复[数值1]点生命；若本回合你受过伤，再抽取[数值2]张牌,heal:v1;if:tookdamage|draw:v2,
401,硬化,坚固,1,2,,1,获得[数值1]点伤害减免，持续[数值3]回合,dmgdown:v1:v3,
402,反伤,坚固,2,1,,2,受到伤害时反弹[数值1]点伤害，持续[数值3]回合,hook:Hurt|dmg:v1|v3,
403,钻石,坚固,2,,,,此回合伤害翻倍,dmgmul:2:1,
404,磐岩,坚固,2,6,,,获得[数值]点护盾,shield:v1,
405,破甲,坚固,2,5,,,造成[数值1]点伤害，敌方存在护盾时伤害翻倍,dmg:v1;if:enemyhasshield|dmgadd:v1,
406,石刺,坚固,1,2,2,,获得[数值2]点护盾并造成[数值1]点伤害,shield:v2;dmg:v1,
407,守势,坚固,0,3,,,获得[数值1]点护盾,shield:v1,
408,厚甲,坚固,2,4,1,2,获得[数值1]点护盾，并获得[数值2]点伤害减免，持续[数值3]回合,shield:v1;dmgdown:v2:v3,
409,镇压,坚固,1,4,1,,造成[数值1]点伤害，若你有护盾则抽[数值2]张牌,dmg:v1;if:hasshield|draw:v2,
410,拒敌,坚固,1,1,,2,受到伤害时反击[数值1]点伤害，持续[数值3]回合,hook:Hurt|dmg:v1|v3,
411,铁壁,坚固,1,3,,1,获得[数值1]点伤害减免，持续[数值3]回合,dmgdown:v1:v3,
412,震荡,坚固,2,3,1,,造成[数值1]点伤害，若目标有护盾则使其失去[数值2]点魔力,dmg:v1;if:enemyhasshield|emanalse:v2,
413,守财,坚固,1,1,1,,若你有护盾，则获得[数值1]点魔力并抽[数值2]张牌，否则获得2点护盾,if:hasshield|mana:v1+draw:v2|shield:2,
414,格挡,坚固,0,3,,,获得[数值1]点护盾,shield:v1,
415,盾击,坚固,1,2,2,,获得[数值2]点护盾并造成[数值1]点伤害,shield:v2;dmg:v1,
416,固守,坚固,1,1,,2,获得[数值1]点伤害减免，持续[数值3]回合,dmgdown:v1:v3,
417,震甲,坚固,2,5,3,,获得[数值1]点护盾；若敌方本回合攻击过你，则对其造成[数值2]点伤害,shield:v1;if:enemyattackedme|dmg:v2,
418,崩甲,坚固,1,3,6,,造成[数值1]点伤害；若目标有护盾，则改为造成[数值2]点伤害,if:enemyhasshield|dmg:v2|dmg:v1,
419,壁垒,坚固,2,7,,,获得[数值1]点护盾,shield:v1,
420,稳压,坚固,1,2,1,,获得[数值1]点护盾；若你有护盾，则获得[数值2]点伤害减免直到回合结束,shield:v1;if:hasshield|dmgdown:v2:1,
421,反震,坚固,1,2,,,本回合你第一次受到伤害后，对敌人造成[数值1]点伤害,hook:Hurt|dmg:v1|1,
501,镜像,科技,2,1,,3,"每打出一张""科技""牌，造成[数值1]点伤害，持续[数值3]回合",hook:UseCardTech|dmg:v1|v3,
502,一闪,科技,0,1,,,造成[数值1]点伤害,dmg:v1,
503,激光,科技,2,1,,,造成[数值1]点伤害，使用后费用+1，伤害翻倍,grow:v1,
504,末法,科技,0,,,,双方失去所有魔力,manaloseall;manalosealle,
505,原子,科技,0,,,,恢复X点生命，X为你的手牌数,healhand:1,
506,电光,科技,1,2,,,获得[数值1]张“一闪”,addcard:502:v1,
507,重奏,科技,3,1,,,下一张牌效果额外触发[数值1]次,nextxtra:v1,
508,急救,科技,0,1,,,获得[数值1]点魔力和生命,mana:v1;heal:v1,
509,充能,科技,1,1,1,,获得[数值1]点魔力并抽取[数值2]张牌,mana:v1;draw:v2,
510,校准,科技,1,2,1,,本回合伤害提高[数值1]，并抽取[数值2]张牌,dmgup:v1:1;draw:v2,
511,复写,科技,1,1,,,获得[数值1]张“一闪”,addcard:502:v1,
512,速算,科技,1,1,1,,抽取[数值1]张牌，本回合伤害提高[数值2],draw:v1;dmgup:v2:1,
513,超频,科技,1,1,1,,下一张牌额外触发[数值1]次，并对自身造成[数值2]点伤害,nextxtra:v1;selfdmg:v2,
514,过载,科技,0,2,1,,获得[数值1]点魔力并对自身造成[数值2]点伤害,mana:v1;selfdmg:v2,
515,检修,科技,1,2,2,,恢复[数值1]点生命并获得[数值2]点护盾,heal:v1;shield:v2,
516,算法,科技,1,1,3,,若你的手牌不少于[数值2]张，则抽[数值1]张牌，否则获得1点魔力,if:handgte:v2|draw:v1|mana:1,
517,预装,科技,0,1,1,,抽取[数值1]张牌；下一张牌伤害+[数值2],draw:v1;nextdmg:v2,
518,连发,科技,1,2,2,,造成[数值1]点伤害；若你本回合已打出过其他牌，再造成[数值2]点伤害,dmg:v1;if:playedother|dmg:v2,
519,备份,科技,1,1,,,获得[数值1]张“一闪”；若你本回合已打出过科技牌，再额外获得1张“一闪”,addcard:502:v1;if:playedtech|addcard:502:1,
520,校验,科技,1,2,3,,若你的手牌不少于[数值2]张，则抽取[数值1]张牌；否则获得1点魔力,if:handgte:v2|draw:v1|mana:1,
521,迭代,科技,2,1,1,,下一张科技牌额外触发[数值1]次，并抽取[数值2]张牌,techxtra:v1;draw:v2,
522,快照,科技,1,1,1,,抽取[数值1]张牌；若你本回合已打出过其他牌，则获得[数值2]点魔力,draw:v1;if:playedother|mana:v2,
523,拼装,科技,1,2,1,,获得[数值2]张“一闪”；本回合伤害提高[数值1],addcard:502:v2;dmgup:v1:1,
524,压缩,科技,0,1,,,下一张牌费用-1（最低为0）,nextcost:v1,
525,并联,科技,2,2,1,,你本回合接下来打出的前[数值2]张科技牌，各额外造成[数值1]点伤害,techdmg:v1:v2,
601,攻骰,种子,1,10,,,随机造成0-[数值1]点伤害,randdmg:v1,
602,血骰,种子,1,10,,,随机恢复0-[数值1]点生命,randheal:v1,
603,魔骰,种子,1,3,,,随机获得0-[数值1]点魔力,randmana:v1,
604,牌骰,种子,1,3,,,随机获得0-[数值1]张卡牌,randdraw:v1,
605,盾骰,种子,1,8,,,随机获得0-[数值1]点护盾,randshield:v1,
606,骰骰,种子,1,3,,,随机获得0-[数值1]张“种子”牌,randadd:seed:v1,
607,愈种,种子,1,2,2,,恢复[数值1]点生命并获得[数值2]点护盾,heal:v1;shield:v2,
608,爆种,种子,1,6,1,,随机造成0-[数值1]点伤害并抽取[数值2]张牌,randdmg:v1;draw:v2,
609,蓝种,种子,0,2,,,随机获得0-[数值1]点魔力,randmana:v1,
610,甲种,种子,0,6,,,随机获得0-[数值1]点护盾,randshield:v1,
611,连种,种子,1,1,,,获得[数值1]张随机“种子”牌,randadd:seed:v1,
612,丰收,种子,1,1,,,抽取[数值1]张牌并获得一张随机种子牌,draw:v1;randadd:seed:1,
613,混沌芽,种子,1,3,,,随机获得伤害/治疗/回蓝/护盾中的一种[数值1],randpick:dmg~heal~mana~shield:v1,
614,发芽,种子,1,1,2,,回合开始时抽取[数值1]张牌，持续[数值2]回合,hook:StartTurn|draw:v1|v2,
615,生芽,种子,0,1,,,随机获得1点生命 / 1点魔力 / 1点护盾中的一种,randpick:heal~mana~shield:1,
616,变种,种子,1,4,2,,随机造成0-[数值1]点伤害，并随机恢复0-[数值2]点生命,randdmg:v1;randheal:v2,
617,蔓延,种子,1,1,,,获得[数值1]张随机“种子”牌；若你手中已有种子牌，再额外获得1张,randadd:seed:v1;if:hasseed|randadd:seed:1,
618,成熟,种子,2,2,1,,下个回合开始时抽取[数值1]张牌并获得[数值2]点魔力,hook:StartTurn|draw:v1+mana:v2|1,
619,异变,种子,1,6,4,,随机获得以下一种效果：造成[数值1]点伤害 / 恢复[数值1]点生命 / 获得[数值2]点魔力 / 获得[数值1]点护盾,randpick4:dmg=v1~heal=v1~mana=v2~shield=v1,
1501,偷窃,暗影,2,1,3,,每回合偷取敌人[数值1]张卡牌，持续[数值2]回合,hook:StartTurn|stealcard:v1|v2,
1502,偷魔,暗影,2,1,3,,每回合偷取敌人[数值1]点魔力，持续[数值2]回合,hook:StartTurn|esteal:v1|v2,
1503,偷月,暗影,2,1,3,,每回合随机驱散敌方[数值1]个效果，持续[数值2]回合,hook:StartTurn|purge:v1|v2,
1504,未来,暗影,1,6,3,,延迟两回合后，每回合恢复[数值1]点生命，持续[数值2]回合,delayed:v1;hook:StartTurn|heal:v1|v2,
1505,破甲,暗影,2,2,2,,敌方受到的伤害翻[数值1]倍，持续[数值2]回合,etakenmul:v1:v2,
1506,羽化,暗影,0,,,,弃掉手牌，获得等量魔力和生命,discardall:manaheal,
1507,制衡,暗影,0,,,,弃掉手牌，抽取等量卡牌,discardall:draw,
1508,诅咒,暗影,1,1,3,,每当敌方使用卡牌，其受到[数值1]点伤害，持续[数值2]回合,hook:EnemyUseCard|dmg:v1|v2,
1509,影袭,暗影,0,3,,,若本回合你已打出过其他牌，造成[数值1]点伤害,if:playedother|dmg:v1,
1510,窃盾,暗影,1,3,,,偷取敌人至多[数值1]点护盾,ssteal:v1,
1511,影遁,暗影,1,1,1,,免疫[数值1]次伤害并抽取[数值2]张牌,dodge:v1;draw:v2,
1512,借命,暗影,1,3,,,敌方失去[数值1]点生命，你恢复等量生命,drain:v1,
1513,移祸,暗影,1,2,,,将自身受到的接下来[数值1]点伤害转移给敌方,transfer:v1,
1514,潜谋,暗影,1,2,,,获得[数值1]张敌方牌库的随机复制,copydraw:v1,
1515,夜幕,暗影,1,2,2,,敌方伤害降低[数值1]，持续[数值2]回合,edmgdown:v1:v2,
1516,侵蚀,暗影,1,2,2,,敌方每回合失去[数值1]点魔力，持续[数值2]回合,hook:StartTurn|emanalse:v1|v2,
1801,流血,时序,1,2,3,,每回合造成[数值1]点伤害，持续[数值2]回合,hook:EndTurn|dmg:v1|v2,
1802,恢复,时序,1,2,3,,每回合恢复[数值1]点生命，持续[数值2]回合,hook:EndTurn|heal:v1|v2,
1803,入魔,时序,1,1,3,,每回合获得[数值1]点魔力，持续[数值2]回合,hook:EndTurn|mana:v1|v2,
1804,抽牌机,时序,1,1,2,,每回合抽取[数值1]张牌，持续[数值2]回合,hook:EndTurn|draw:v1|v2,
1805,驱散,时序,1,1,,,随机驱散敌方[数值1]个效果,purge:v1,
1806,加速,时序,0,1,3,,每回合造成[数值1]点伤害，此伤害每回合+2，持续[数值2]回合,hook:EndTurn|rampdmg:v1:2|v2,
1807,延续,时序,1,1,,,使自身的所有效果延长[数值1]回合,extend:v1,
1808,结算,时序,1,1,,,立即结算[数值1]次双方身上的所有效果,settle:v1,
1809,倒计时,时序,1,4,2,,回合结束时对敌造成[数值1]点伤害，持续[数值2]回合,hook:EndTurn|dmg:v1|v2,
1810,余温,时序,1,1,2,,你的恢复效果提高[数值1]点，持续[数值2]回合,healup:v1:v2,
1811,余震,时序,1,1,2,,你的伤害效果提高[数值1]点，持续[数值2]回合,dmgup:v1:v2,
1812,早熟,时序,1,1,,,立即结算一次自身所有效果,settle:v1,
1813,奇点,时序,1,1,,,将双方当前魔力值和每回合获得的魔力值都重置为[数值1]点,setmanaboth:v1;setregenboth:v1,
1814,传送,时序,1,1,3,,存储你的所有手牌，三回合后，每回合获得[数值1]份复制，持续[数值2]回合,storehand:v1:v2,
1815,视界,时序,0,1,,,将你的手牌替换为对手牌库的复制，使用[数值1]张牌或回合结束时换回,mirrorhand:v1,
1816,宿命,时序,2,2,3,,敌方每回合受到[数值1]点伤害并失去1点魔力，持续[数值2]回合,hook:EndTurn|dmg:v1+emanalse:1|v2,
